"","grn","coal","alp"
"1",1.99516752175987,7.41030069347471,3.62849736819044
"2",5.45066892844625,7.16016442980617,0.0710487808100879
"3",4.94358410080895,6.05480848881416,1.98191881156527
"4",3.75993105140515,4.06448128889315,4.95005125715397
"5",4.45292210113257,5.98514576000161,4.17655858793296
"6",2.53788790851831,8.71558305062354,0.951588574098423
"7",2.6834002698306,5.09099834831432,2.84851531451568
"8",5.44274553260766,0.301643203143005,6.73743199417368
"9",2.74447592766955,2.10640239389613,5.75743207754567
"10",5.5910052601248,7.32542134495452,7.7646706989035
"11",4.91336485161446,3.50309979729354,5.95628841244616
"12",4.90890934993513,6.34417817182839,8.30190237308852
"13",0.355391609715298,9.61603326373734,0.0284804807809112
"14",5.61248191609047,3.80696632899344,5.68019169638865
"15",5.94456127588637,6.17328954976983,7.9394173650071
"17",0.859158615814522,7.72400139388628,1.68495702114888
"18",8.08230887935497,0.224073141443245,10.3759586089291
"19",2.80491480231285,3.02753601991571,2.93177848495543
"20",7.09066490922123,2.25327616767026,9.8016421275679
"21",0.481542732100934,6.31069420883432,1.84981294069439
"22",0.585353828268126,6.25473971408792,4.14438565261662
"23",4.52341423812322,4.60495055583306,4.56971681886353
"24",1.7783576992806,7.69528389722109,3.15797772048973
"26",1.44212220516056,2.50459635537118,6.17208404908888
"28",2.66408201120794,5.24612982803956,2.79442016594112
"29",1.25459056720138,4.92289555072784,4.79900570679456
"30",8.32092323061079,5.91664749174379,6.98616378917359
"32",5.04579788865522,0.975733187515289,7.63569850381464
"33",10.3831865461543,0.490893863141537,10.4976965419482
"34",2.61824605008587,5.3176430829335,2.24616643018089
"35",5.46463766531087,0.754404692910612,8.85852593206801
"36",0.253269706387073,0.432548529235646,0.451694245217368
"37",5.20862328656949,4.72691544913687,7.00020549050532
"38",5.29633458331227,7.77161575923674,7.4547002685722
"39",0.398935305784633,0.958065206650645,10.4058881255332
"40",10.3852701010182,0.46643505198881,7.81652046157978
"41",2.15655765682459,3.50039239181206,7.38985108630732
"42",9.14238160452805,0.368047086264864,2.09620680520311
"43",0.89088845718652,6.21355876419693,4.05794872017577
"45",8.10157285281457,3.80347337620333,7.14662874815986
"46",5.08321591699496,5.25201327260584,5.31569044594653
"47",3.03681294713169,3.07606850634329,2.80247566103935
"49",0.135463049195688,6.65646421676502,0.176508676784309
"50",7.98762318748049,1.29629829572514,7.68113225838169
"51",4.78530504880473,5.89650508132763,4.38239846983925
"52",10.4717144924216,4.04868507408537,8.40148516162299
"53",0.391872171778232,5.99981643026695,6.29798852163367
"54",1.25669524259865,2.82167118415236,6.65505167259835
"55",4.94148297421634,6.38019397784956,2.06691543594934
"56",6.1147268882487,3.13029663427733,8.32223276863806
"57",4.78751663211733,5.39681823691353,6.24525579554029
"59",5.48757339199074,8.45926100364886,5.15745627041906
"60",0.330502357107555,1.86708059045486,0.131032546678744
"61",4.52200110582635,4.96126311202534,4.94225294305943
"63",3.13887429749593,2.0218019625172,6.52952629001811
"65",8.8761562013533,1.41632250580005,7.18548767571338
"66",8.49526357790455,2.97552348230965,7.4077002746053
"67",7.74200148554519,2.1253788114991,8.48540335078724
"68",8.09189205081202,0.266558137467215,10.4401150187477
"69",0.443737726190402,6.76290247356519,0.0552475733465143
"70",4.89692602097057,5.72193973232061,5.12586903711781
"71",4.68968626949936,6.46719681588002,1.45596129749902
"72",0.220352992182598,10.2410828676075,0.402662548094681
"73",5.29080286761746,4.58119280845858,5.03981762705371
"74",6.77876168373041,1.612287547905,6.83697485248558
"75",6.80862066056579,5.71165958372876,4.90813530771993
"77",4.60826026089489,5.14534524152987,3.80062829470262
"78",0.231327207060531,5.06305668922141,5.34915401111357
"79",0.424282704060031,7.61480875848792,2.26389865181409
"80",5.88245396269485,2.68342348840088,4.83216486009769
"81",8.23776118131354,2.96350629697554,7.26796497986652
"82",0.495404804063081,3.47486967896111,4.56317186937667
"83",0.118559646450961,10.1344892878551,0.407493883743882
"84",8.18516770936549,5.09947749087587,6.80575202126056
"85",9.9693060524296,3.61862071231008,2.8735926405061
"86",5.56812572502531,0.20990986819379,6.80624377215281
"87",0.196080822609526,6.05669231107458,2.19607276259921
"88",6.45120762521401,7.4454078017734,5.501213778276
"89",0.0864093758572475,5.06783530325629,0.201119403820485
"90",5.63580134301446,0.94747905083932,5.72630437184125
"91",5.81894064880908,1.71289733308367,7.73214752762578
"92",0.0829748194664717,10.0598454233259,0.178588014708715
"93",0.275009375632277,10.21120455442,2.10525599354878
"94",0.269530480727553,6.34876746567897,4.7030911706388
"95",6.4953171282541,2.16626192745753,7.88696023728698
"96",1.18732020677999,8.63677714532241,1.33766836230643
"97",0.119191811420023,6.77847119071521,0.509951089741662
"98",0.857144789071754,8.84470488061197,3.33747412357479
"99",8.84823878342286,0.183833613293245,6.36671435693279
"100",1.43530196021311,5.2811856160406,3.47657404164784
"101",2.26275807106867,6.95269617112353,2.8155450951308
"102",4.81263362267055,3.18538707774132,3.8103519170545
"103",10.0578742779326,0.831265940563753,6.54953057388775
"104",6.91500495024957,1.00357158272527,5.89656761777587
"105",7.09958213521168,6.04154151771218,5.98942356090993
"106",9.15817685122602,1.07008626754396,6.73320221668109
"107",0.173643416259438,7.62192813050933,0.251072881884009
"108",7.13602765090764,3.96308505767956,7.67250997805968
"109",4.82491595461033,4.80166914477013,5.3479357289616
"110",0.215485358520041,1.10976843885146,9.23258008435369
"111",0.392665243281471,10.0698091047816,2.2461260817945
"112",5.34473169641569,7.40359670529142,0.269286281791017
"113",5.1461709223222,3.56363947829232,7.12557487841696
"114",5.0820961475838,7.34321857546456,5.63601406756788
"115",0.471945776604116,9.16124282684177,3.09022115729749
"116",0.20734739074728,2.36091098282486,6.68739192164503
"117",9.9544595242478,2.71929537761025,10.3180066028144
"118",4.63613991998136,3.64509829203598,4.61837223032489
"119",10.4963422699366,8.39571154047735,5.57553653279319
"120",0.150177478354145,4.63331412873231,0.06594403157942
"121",0.467336661182344,2.81693711387925,10.1902686811518
"122",0.343581566472971,9.601101573091,1.95308861904778
"123",5.06891262228601,5.29089520988055,6.97279693814926
"124",0.758197907824069,5.59010403556749,2.80558482534252
"126",0.227436065681267,0.135013561631409,0.215688925148877
"127",2.03999057784677,5.82234486239031,8.04762424482033
"128",4.77832187013701,5.42896583140828,7.85215112078004
"129",0.17353761382401,5.67042961833067,9.41660140175372
"130",1.05390892201103,8.3754767049104,6.38976017129607
"131",4.60166856646538,4.60488948598504,4.87749494565651
"132",5.11121121468022,4.7819215960335,4.97088068234734
"133",1.43587421486154,6.41118323546834,5.3281741112005
"134",0.312052084348612,4.1474210654851,4.54154833732173
"135",3.78673386224546,6.8965449873358,1.51906054071151
"136",0.441055921455626,8.93670718627982,0.568144817836583
"137",5.23526961938478,5.5467204337474,4.34231184865348
"138",2.57717189379036,2.0514577110298,2.99246789468452
"139",9.2207893319428,3.76319199288264,10.3766969107091
"140",1.38262332044542,7.64417965430766,2.86173153133132
"141",0.723211899399757,6.56886201561429,3.15166612318717
"142",7.29730928316712,3.78249170142226,7.82621283549815
"143",0.223476469749585,9.63658070145175,0.311489901439759
"144",0.355335259194288,6.45083317509852,2.36296537029557
"145",5.3059185531456,2.92877154913731,0.419605083297938
"146",1.85993558657356,6.39589174371213,5.2811615972314
"147",4.71783156157471,4.55253001046367,4.64787081559189
"148",3.33439169148915,5.66859512077644,4.16783789382316
"149",1.0346914504189,6.29952549189329,1.34251296473667
"150",2.85815471666865,3.19561974611133,5.476441194769
"151",7.98114293860272,7.65309034427628,5.57775085605681
"152",0.388346055916648,8.34574792627245,0.0316422761945939
"153",3.66577446367592,8.89154559094459,3.91502229403704
"154",2.2823569632601,0.912003119243309,5.91402746108361
"155",3.00516228144988,5.24459854117595,5.05645914678462
"156",2.65552218421362,5.94430107413791,4.76583206746727
"157",5.3849065429531,0.180128090083599,4.12522775749676
"158",6.47249745507725,7.29058568691835,0.0838915020373394
"159",7.60151801211759,0.286743480819718,5.99088058713824
"160",0.0520000301767141,8.49063096893951,1.44998834864236
"161",5.37131793587469,2.60197912878357,6.55669767223299
"162",1.23959624022245,7.14382276940159,2.71877505560406
"163",0.065406668938119,4.6443908798974,8.84446185571142
"164",0.34932998358272,7.07139648427255,0.299390271443203
"165",1.0521309513133,5.32925673411228,5.77929311338812
"166",0.295540609164163,10.1090836271178,2.51381626375951
"167",1.17223493219353,7.52295665768906,0.697487960103899
"168",2.65911942790262,3.17200596770272,2.66039061057381
"169",4.0446327154059,6.75990257528611,3.4847950565163
"171",0.257523740285237,7.14702834840864,0.00147947143851779
"172",5.27909727743827,6.65934434579685,6.30055508809164
"173",1.22889031004161,6.26018291362561,4.3796895656269
"174",7.63521306519397,1.70191880175844,5.86338572273962
"175",5.46469716681167,5.58804159006104,1.53660827549174
"176",0.872657088097185,8.0139000187628,1.15416460996494
"177",0.202002916252241,5.59452894632705,3.51512923790142
"178",0.0754496348854294,10.1330925230868,0.354292598553002
"179",4.8105022450909,0.22655974463766,6.64921808964573
"180",0.295456693507731,10.2737423006911,0.386404922799671
"181",0.383472728267456,9.03662996087223,3.18981424276717
"183",0.399842825044852,9.50515252747573,0.356554911239073
"184",5.01603388856165,8.48023218358867,0.317346885590083
"185",0.272671888582408,9.84744008607231,0.0386862494847691
"186",2.29315735329874,5.28776304470375,5.85530919977464
"187",7.47590178926475,7.41377590899356,3.24634597240947
"188",4.64258957165293,2.42953606392257,7.39369594235905
"189",0.0555904985519592,9.38040309026837,0.143190245144069
"190",0.0538425115875294,10.4977998360991,0.494583953461647
"191",5.04088511131704,4.8014983762987,4.72406584420241
"192",3.6135240723379,4.27614685054868,2.5764094023034
"193",3.21972398413345,6.0014185833279,5.83941322076134
"194",1.13988760416396,1.34814439364709,5.46462986106053
"195",0.495012939441949,9.05737428180873,5.458531008102
"196",4.81331686163321,7.33671869314276,0.353570331927454
"197",4.62283459957689,5.0482228139881,4.93138919817284
"198",8.34080042503774,4.74817401659675,7.39296295749955
"199",5.17452666116878,1.83481914945878,4.62013789941557
"200",1.96075136098079,1.10319702001289,9.26650444953702
"201",0.402833571005526,9.36689983867109,0.00262845092109404
"203",0.0826263090931135,6.7560094865039,0.865428631426767
"204",0.20004336677816,0.0832982545252889,0.444318983833895
"206",0.401107335459697,4.13480110350065,2.92915507499129
"207",7.26709144446068,0.229322921717539,9.9139836456161
"208",0.467151194286384,4.09617966110818,5.60026299487799
"209",7.91981921740808,1.6421842162963,7.74691779795103
"210",4.6494249724783,5.17345046298578,5.10035846964456
"211",0.579234616132453,7.11753750103526,4.91331807733513
"213",4.67362944385968,1.44445440801792,6.78866488928907
"214",5.30091599700972,9.53410860872827,5.27762932307087
"215",4.66221125843003,2.87301345099695,8.78205040888861
"216",0.0517528359778225,10.2364481543191,0.228255901161397
"217",5.26936968951486,0.490677925240281,7.912672938779
"218",5.08553028572351,6.25369753595442,6.02271827869117
"219",0.235788587490432,5.33092662738636,4.91885065985844
"220",4.77203318872489,5.06532789114863,4.5177184860222
"221",5.4849555187393,5.15636821696535,9.97400868381374
"222",0.0720246457494795,6.69485256797634,7.3689697412774
"223",6.13153566513211,0.398139644743151,8.84410077380016
"224",0.0672242948537506,5.371164112119,0.217309101589243
"225",5.25151801551692,4.58653718070127,5.40861333999783
"228",5.66160219605081,0.489581185625866,7.16320441104472
"229",2.10221198969521,0.358280317013047,8.24027892760932
"230",4.63788618869148,5.04326002579182,8.38601659983397
"231",5.32340076798573,6.29541380237788,4.03930491744541
"232",0.564708538353443,6.96378019009717,2.84146869042888
"233",5.46455214545131,3.62479563313536,9.84593252255581
"234",2.22739532659762,5.08029910619371,7.38953370274976
"235",5.33333941898309,4.64821757166646,7.02963616419584
"236",6.17204847885296,4.81953965150751,8.35237010126002
"237",5.28730442281812,6.92042511980981,4.18747746408917
"238",6.28466423833743,5.3236859338358,9.66349244769663
"239",0.203522219265997,5.54573524859734,2.43909060815349
"240",0.0885053554847301,6.50780088966712,3.82818120880984
"242",0.320253580110148,0.346623338293284,0.251984348592425
"243",0.287109268596396,5.87504212884232,2.33797794161364
"244",7.92577546136454,3.0720243724063,7.03611470083706
"246",0.737195678520948,4.29712056322023,6.38040818716399
"247",5.97394887777045,5.58101177657954,4.00201036036015
"248",2.52128951484337,3.53967027226463,2.69266476645134
"249",1.92066762852482,7.51303316024132,6.38955302513205
"250",4.38040440157056,0.396843194030225,5.43363257520832
"251",0.204658091227568,6.92847684537992,3.557608718751
"252",2.73978688428178,6.24855621438473,1.30075947591104
"253",4.77242317795753,5.17808619188145,3.96265888283961
"254",5.40359232830815,4.50162211339921,4.71052383678034
"255",0.201775028835982,5.83532813633792,1.77959827845916
"256",3.54688867949881,1.4353757747449,9.8277659683954
"257",0.00271454706077697,8.33590096072294,0.470433878479525
"258",7.80811283993535,6.87543182028458,7.22250571032055
"259",2.84811939974315,8.33626744989306,3.92032093554735
"260",7.55552149866708,0.127829975448549,6.73082267772406
"261",8.44871170842089,4.59947947785258,6.8901025285013
"262",4.81320506869815,8.36129949591123,1.67433603201061
"263",1.85856040776707,4.5323599788826,5.20086726150475
"264",0.523009553086013,9.81082729273476,1.94058799557388
"265",7.30772919114679,0.386448514880612,8.2249562619254
"266",0.0329075914341956,10.4543831970077,0.926548289135098
"267",9.02169927954674,1.94412800017744,9.13226861506701
"268",9.77698694751598,1.42183203599416,6.8770753024146
"269",4.60585456551053,4.24036666075699,6.58528878469951
"270",7.02404815331101,0.326700182780316,9.52533328323625
"271",5.28474458563142,1.08822424267419,7.86232913844287
"272",3.37569592008367,3.44801536225714,7.7507532320451
"273",0.23426540964283,5.20056185126305,4.78977931593545
"275",4.18161207158118,4.43791156937368,5.91930829361081
"277",0.29377851402387,9.84539728797972,0.0807711691595614
"278",0.274794249562547,5.91666531190276,1.05404477217235
"280",9.85402790107764,0.472707598224829,4.056160279084
"282",9.57550437678583,0.196249685128038,9.18992629274726
"284",6.74281233293004,0.247534312540665,7.73776624514721
"285",9.97499329666607,0.084966512164101,5.17390467505902
"286",0.244798919884488,4.71169150108472,4.57967815781012
"287",0.116364028360259,0.25982345196442,0.222877058003927
"288",0.0846350153442472,10.0697169359773,2.09979302855209
"289",10.0600097496063,0.884122408693656,4.5660991857294
"290",1.07749230926856,4.11202912894078,8.20275451405905
"291",3.92003766982816,5.91778021166101,5.54769236291759
"292",0.569391361670569,8.22225771751255,1.46519837877713
"293",0.384009152650833,5.10125286574475,2.21666496200487
"294",4.94423733348958,6.42514735274017,5.80085633625276
"295",8.0203736925032,5.99887399445288,5.4187721258495
"297",4.28766095638275,4.46282129525207,3.86687099793926
"298",7.11685686325654,1.07970998855308,10.1682022653986
"299",4.89584641135298,5.58770332601853,6.21709347655997
"300",6.9247191506438,1.77896302845329,7.21177130471915
"301",0.436616515275091,4.42363157845102,7.93075931933708
"302",5.3423537039198,5.32897004624829,8.02690580091439
"303",6.29319291654974,3.56614263169467,1.70100473985076
"304",4.87396745267324,6.17862606118433,7.50737401121296
"305",8.23103242134675,0.0555679909145529,10.2258083478082
"306",0.308474542340264,4.70022908900864,4.27133980649523
"307",0.22653147042729,6.31649291119538,5.92914589657448
"308",10.4558231513947,0.408844941951444,7.06528287800029
"310",9.6443382317666,0.0559376225412544,6.68113067001104
"311",7.49360180040821,5.79181729839183,7.84214525832795
"312",0.221109056379646,6.85421072901227,5.34092465788126
"313",0.490375509485602,1.36831413116306,3.01364413765259
"314",2.67234295117669,8.46602566796355,4.54803726775572
"315",5.39653740660287,5.63345194864087,2.96842721453868
"317",4.8406194888521,0.420903529739007,4.25567796523683
"318",0.461248187772441,5.76424045837484,2.80895940191112
"320",5.147884728387,6.34875278687105,1.71313932863995
"321",9.70008201501332,10.4892152273096,10.3748695813119
"322",4.58358301850967,7.32360476837493,2.73910991894081
"323",0.0889682730194181,9.36331218387932,0.0102465492306487
"324",2.77764935279265,4.03418802749366,4.53917558747344
"325",0.166208702139556,0.349033231148496,10.4505804823712
"327",9.46492711594328,1.14492886303924,6.75206283526495
"328",6.67608287138864,3.9684039610438,7.9208500222303
"330",7.51536415959708,0.527536862529814,4.7883129757829
"331",6.78257161821239,4.32419479289092,4.35310638742521
"332",1.53143599187024,1.53719969862141,4.48170947819017
"333",1.57665992248803,6.3236803971231,6.92654427117668
"334",3.17980351322331,3.62059558462352,7.1841419134289
"335",6.21309670177288,6.27076152362861,1.64744803891517
"336",4.99953810451552,4.16922325757332,9.61124566732906
"337",4.81450940994546,2.19059890857898,4.06308928574435
"338",6.5754649634473,8.38567269197665,1.87324895546772
"339",5.14084281004034,8.12966714287177,1.93925583967939
"340",1.77528431033716,10.1653638370335,1.60876794578508
"341",2.92973545216955,4.43719299137592,5.44824838219211
"342",3.78627028153278,4.97364515508525,4.41625240631402
"343",4.82604430872016,5.20699923392385,4.8390895833727
"344",0.430011530891983,7.70016758749261,3.12563011958264
"345",5.78778793592937,4.02820593025535,7.11937882960774
"346",9.33839889499359,0.471054674359038,8.02991102659144
"347",0.115620154570248,4.98447748506442,5.46043578139506
"348",0.135778212346851,6.56468202848919,4.8543366631493
"349",2.63291386305355,4.828666070709,5.46785041340627
"351",8.94402891630307,0.0194350582407298,9.43155951658264
"352",6.38766294741072,3.26279815309681,4.514576776186
"353",0.420628464920286,2.00312277139165,2.55529799754731
"354",6.00257280445658,4.12816397822462,4.51708455802873
"355",8.67156576947309,2.40013958560303,9.24190971977077
"356",5.1883722783532,7.42492719041184,0.15853017475456
"357",4.66593122459017,5.17616259306669,4.90963382576592
"358",0.301259195093669,6.89810077892616,3.09770489158109
"359",0.415816204267931,0.00291923433542252,0.187876336335854
"360",3.55004845955409,9.08679781318642,0.135886444943026
"361",0.122081437871458,2.67828735918738,10.327069650637
"362",7.74949918338098,0.987377949524671,8.59644366218708
"363",2.76802091440186,4.39124312088825,4.33683827589266
"364",0.479091952322051,5.49082720139995,8.34504626574926
"365",0.416568805772893,0.205250070896,9.71634821803309
"366",0.0522480218205601,4.91928736283444,10.1815488839056
"367",6.20437609427609,2.11082302732393,7.19563460396603
"368",2.81261524860747,4.07978428271599,9.93335814448074
"369",7.58933391026221,1.01352648297325,8.45127222267911
"371",1.89847540506162,8.38675797265023,2.18022894766182
"372",6.23788246861659,3.98232674412429,5.68793721171096
"373",0.461688100593165,6.42122251889668,4.61126948450692
"374",5.32983173942193,7.8374706658069,4.75951724196784
"375",0.16762918420136,6.72124859318137,0.966483196942136
"376",0.480498004937544,7.24290497694165,0.441994360588989
"377",9.55295902327634,0.926907444838434,6.46132723754272
"378",7.83994878968224,3.23857557005249,5.20274569885805
"379",0.38734994805418,7.87561771692708,0.409858155245979
"380",3.33750384720042,9.44877514289692,5.22378523019142
"381",0.33957300754264,0.0310508787465398,0.177705098874867
"383",1.56175002385862,7.90191556606442,3.74891739664599
"384",0.324226106322482,5.41172066098079,4.82014923030511
"385",5.26584405056201,2.65276913391426,9.62513083755039
"386",4.0152899150271,8.61373411887325,2.39701196970418
"387",0.149324144935235,0.488816225598129,0.153966316254809
"388",2.74566486151889,8.11473261448555,6.04643267998472
"390",3.09896041615866,2.03856964455917,6.94515384035185
"391",2.30538477189839,6.28770502540283,4.59238110622391
"392",4.86251762835309,2.85184417152777,4.819686162984
"393",0.119901999673487,8.84450004575774,1.18509987788275
"394",6.31038689939305,3.93341747578233,5.82331155356951
"395",7.89803211181425,0.183312940470723,10.1387443824206
"396",2.13192262267694,7.64281412027776,2.01759400428273
"397",2.16545381699689,1.3632052554749,10.119693095563
"398",3.06606312072836,4.81379781919532,2.20056014927104
"399",4.66944535518996,2.40771496598609,10.1738304540049
"400",0.435617738636211,7.98965137009509,0.115089950892781
"401",4.89506786339916,4.8453153159935,5.81535571231507
"402",0.191450082464144,10.1471993441228,0.0844100450908975
"403",2.33210936910473,6.63692790200002,2.11579222325236
"404",6.94769195071422,3.29648088128306,7.02316048881039
"405",7.65742744295858,4.16370165767148,6.27036636020057
"406",7.15506584895775,1.93752846401185,8.2442169112619
"407",4.34201249689795,2.52478472818621,0.68217216222547
"408",0.0108364940773696,2.93552519287914,10.1383513158653
"409",0.329735110265943,4.72423769254237,0.152769713429734
"410",8.2830341339577,7.78924421849661,8.17160177067854
"411",5.09594251425005,5.03138300729915,5.00205587106757
"412",4.67397491936572,6.1441321184393,6.9759661462158
"413",2.89155256166123,4.37053103675134,5.34876631875522
"414",0.459943015594035,0.0487449700681446,10.1182610911783
"415",0.2837480281014,0.136271100258455,0.23203407962752
"416",5.18954142415896,0.909007551381364,10.4802335491404
"418",0.46148010273464,7.92183896969073,1.12439698004164
"419",1.29492080118507,0.087786425370723,8.190964208683
"420",4.90990219707601,4.70571083854884,4.84603587700985
"421",3.40237681055441,6.33352823345922,4.15577031788416
"422",0.255542861530557,9.64840088342316,5.46524215838872
"423",5.04551904299296,0.625127108534798,8.15062543493696
"424",0.474072350654751,8.85185709851794,0.263437885543639
"425",2.34771304321475,0.346511085019703,9.81081542768516
"426",8.44628086220473,2.85623096115887,5.27607012935914
"427",0.244421179406345,8.00457592774183,0.749439312377945
"428",0.276809836335601,6.86649746494368,0.422635667258874
"429",0.10533230798319,6.9617130800616,1.7565721613355
"431",0.521905152825639,6.81335175153799,3.17299467464909
"432",1.17720660218038,7.26625246345066,1.85235662781633
"433",3.3786876082886,2.7625403215643,9.20867068506777
"434",8.71723857638426,2.8037979954388,3.99449597834609
"435",0.104375982662665,5.36602718918584,0.213112561032176
"436",5.15410757274367,3.44734858023003,10.2640918446705
"437",6.07714351615869,2.42123966664076,0.450944945887043
"438",5.9483564265538,4.86504380987026,7.68805253924802
"439",5.47412058385089,7.03723295615055,0.588148639304563
"440",0.0775393161043106,5.33643351355568,6.98786706384271
"441",5.20752991852351,6.26439411006868,0.219182586297393
"442",2.60898201912642,3.59014789387584,7.57966864178888
"443",5.21590521349572,2.1264396449551,9.57217206177302
"444",0.34684125916101,9.31242741411552,2.49007317773066
"445",0.348365011392161,0.779478956479579,8.99002646235749
"446",10.3139591116924,2.29738694592379,9.90304937819019
"447",2.70874476572499,6.54938779445365,3.19659950886853
"448",4.92313293740153,4.48582238587551,3.82904223888181
"449",1.97436894476414,6.061195863178,2.89429218880832
"450",5.03728418285027,6.2148112161085,7.04433424421586
"451",5.40524317696691,0.533374731894583,4.63308042916469
"452",8.00001603504643,1.85057256976143,10.1879376245197
"453",8.36926230485551,4.34461603057571,8.78679113322869
"455",3.65410742885433,7.2995622032322,2.43670329661109
"456",0.144933312898502,3.325617819326,0.186642546905205
"457",2.81612172303721,0.0799265764080966,3.6922703771852
"458",8.04677838785574,2.37487448845059,10.1338421925902
"459",0.262080107582733,3.96750458399765,7.40568137448281
"460",4.65133312297985,5.22250615153462,4.69709175266325
"461",4.51019937358797,0.294675939949229,9.57007491681725
"462",3.77964069205336,6.3836797690019,4.89178328309208
"463",2.23906854260713,1.28168990113772,7.94172020303085
"464",2.02862945827655,2.26156928529963,7.92122024996206
"465",5.96335765370168,2.71012401930057,6.34372933511622
"466",7.4455143425148,3.04925859021023,6.00191229139455
"467",9.31286672898568,1.25977600854822,8.92195474589244
"468",7.40622789086774,0.372427376452833,10.0891244432423
"469",10.1629449594766,0.279096383368596,6.50055584125221
"470",7.48595692869276,0.218008938788478,3.40271120122634
"471",4.85563525022008,4.90740563278086,7.71724079316482
"472",0.128537340098456,4.38995146565139,2.98285538889468
"473",4.93270172225311,5.19572812831029,5.37893720553257
"474",6.71446498343721,3.6686618423555,7.62523132422939
"475",5.39852975541726,7.96419172571041,0.883329268544912
"476",5.30469747306779,4.7945399323944,2.83926855679601
"477",8.22260738746263,0.388491939674369,4.68185396492481
"478",10.2651435760781,2.67320547811687,8.81708279624581
"479",8.17827406036668,1.64400083501823,5.57473781798035
"480",5.0017982001882,5.13758453144692,5.02158184745349
"481",7.64428299106658,0.475371086189966,6.43321086163633
"482",5.87665429222398,1.49604976712726,8.63271898939274
"483",0.231576531892642,4.4822264323011,0.434699950506911
"484",5.20527880918235,0.215155256679282,10.3256985174958
"485",0.0610561473295093,2.23745341319591,0.127929629814033
"486",0.367820217014288,9.54191145556979,0.339377526808842
"487",5.28773770015687,3.27598321530968,9.63654692121781
"488",5.32953589013778,6.73356471443549,6.01817682245746
"489",5.22929786983877,5.02724996907637,5.35092831146903
"490",0.844811231130734,4.98559311497957,5.62583237630315
"491",2.46404973557219,0.662589137209579,4.08764091785997
"492",1.21915940614417,6.36567112081684,3.05606200871989
"493",0.0536140180264553,2.28220827598125,3.60818073479459
"494",10.2388877882622,5.27745816041715,9.98783966712654
"495",5.20943366154097,8.08044663676992,0.157564183604196
"496",1.62312323600054,1.84334002854303,10.4279863676056
"497",5.41158456238918,6.55780478427187,2.94715471263044
"498",1.43218675837852,3.05567507771775,3.14486759225838
"499",4.55385224241763,4.99296644655988,5.34040266415104
"500",1.48727076244541,4.12324930937029,5.86318405042402
"501",0.35008744825609,10.4231336563826,3.64644974144176
"502",5.99285318423063,2.8504871504847,8.33539905655198
"503",0.172649841575625,8.81508221919648,0.118494483230121
"504",0.456092102685943,8.12406652583741,0.340957945883661
"505",0.341667592856621,4.65324905980378,5.02791679045185
"507",4.91927160113119,5.15596531005576,5.00001246971078
"508",5.22733217850327,5.09289518068545,4.81392951472662
"509",5.09553692536429,8.60298622748815,4.8519289616961
"510",0.340465875575319,0.429745205203448,5.288989483146
"511",0.0150215122848749,6.82089577498846,0.395404582144693
"512",1.92512526060455,7.474371337099,4.44838267727755
"513",0.495703277178109,8.31661537918262,1.25555103621446
"514",5.07163779018447,2.21535009215586,5.21307773329318
"515",5.57436067960225,3.02607374452055,7.34766748268157
"516",3.01538982754573,6.60776474885643,2.33276563929394
"517",7.05416010599583,5.044128757203,4.54210811736993
"518",0.253310232423246,3.75006449408829,4.61004924355075
"519",3.01622345950454,5.23080853000283,6.33950409921817
"520",5.43387171067297,4.77420867374167,4.70600731950253
"521",2.49641093006358,1.63881556876004,1.73781277588569
"522",5.97222162340768,8.97743483842351,8.67952076508664
"523",5.31310433172621,5.28080332395621,4.92357922298834
"524",1.00893418327905,5.64071984193288,3.10464587481692
"525",0.0684621021069027,7.03819289593957,2.4969895016402
"526",4.21580735850148,2.85109068849124,8.24760737363249
"527",4.55182145303115,5.64610738493502,8.41045920550823
"528",8.26205000141636,0.466999456984922,7.57778937835246
"529",0.226606709649786,4.35168765950948,4.70112249278463
"530",1.36991639668122,6.2381555181928,4.48834154685028
"531",6.18512357608415,1.75525927962735,6.91260556061752
"532",2.32742701121606,4.73853360046633,1.94200961524621
"533",4.22890944941901,0.0818440103903413,9.03754362650216
"534",5.38245268864557,4.85407139570452,9.81329218368046
"535",8.00300368317403,2.83044150401838,3.90797405340709
"536",5.11812259186991,3.08954952191561,6.30815539951436
"538",4.6283897026442,5.01165599003434,5.419192756759
"539",0.45244910257698,9.75555747700855,0.0768545372411609
"540",0.473001677236671,5.23221294907853,0.14662614511326
"541",1.82799744559452,0.62257749796845,10.0167294517159
"542",0.0671874927356839,8.38418822549284,0.725497463252395
"543",0.488739570602775,8.30005753994919,0.41993312941151
"544",0.500378134427592,7.09136669104919,1.62190995062701
"545",2.94907490466721,1.71635215636343,8.19916237774305
"546",0.00560628902167082,9.82808578340337,0.319725188961735
"547",0.255814289863291,10.0167198325507,0.0690159173682332
"548",8.41348458151333,0.489107418615448,8.57224897528067
"549",7.59819667972624,8.33500178717077,4.33119455701672
"550",0.0666158283505216,5.95602406118996,9.62256995262578
"551",0.245077285217121,9.18090514861979,0.139806186089255
"552",4.48373526171781,7.45966577203944,2.59262096649036
"553",0.365268969568159,0.431429748366952,9.8407241506502
"554",1.44222477031872,7.98510616458952,2.09912846586667
"555",9.71232784516178,7.46870832773857,10.0061286613345
"556",5.40601369412616,5.50212217331864,6.41421172488481
"557",0.423186806225001,9.83571781544015,1.09704665397294
"558",0.157646969540408,10.2052140128799,0.0857473117640847
"559",5.3142545609735,6.68457116489299,7.98404551786371
"560",0.450816769618541,9.62385167344473,0.1387000950161
"561",0.598323226440698,6.84968779748306,7.14574313862249
"562",0.373162293341011,10.3636253855657,0.231859612289022
"564",1.53885869611986,4.94096927647479,2.60715843434446
"565",4.30993142700754,5.97142932889983,4.89583907951601
"566",0.129698485368863,8.36053415038623,0.598998732166365
"567",0.280660919146612,7.65199606050737,0.874077280983329
"568",0.295576932141557,5.69481000723317,5.19268205971457
"570",4.69103066949174,7.21207550005056,6.44498488632962
"571",1.31880196928978,8.142628808273,3.48218708182685
"572",6.27888835826889,6.97441271622665,4.02366976672783
"573",0.474382775602862,5.10733931395225,5.26003825385123
"574",0.370949430526518,5.72932860883884,1.85317353205755
"575",5.45269192429259,5.0170818765182,5.40921566309407
"576",0.107001651655009,7.53933386085555,0.0285573196597397
"577",2.15029158489779,2.49713873933069,1.79365864675492
"578",0.182640141109005,9.73232444748282,6.09396974998526
"579",4.88994545047171,2.03075017011724,6.52210938301869
"580",0.485743879251168,9.52595554175787,0.421768066240475
"581",0.0519277661530324,8.6829959845636,0.115642216113063
"582",4.97402406227775,2.30783872981556,7.63169884751551
"585",0.225503591711987,10.0352419523988,0.371680923329017
"586",4.92522926302627,2.02546432474628,6.97794960206375
"587",4.66944578755647,3.58414270798676,9.19094408047386
"588",7.47766013187356,3.09756313008256,10.0358113814145
"589",0.198026641272008,8.50373442610726,1.4493929843884
"590",4.80778138828464,9.78984351316467,0.3069434966892
"591",0.49512252677232,2.04801377165131,9.59136422374286
"592",0.326411973311608,5.06113900896162,6.37075620843098
"593",1.50822534784675,2.3379852140788,8.48309619235806
"594",2.06822557351552,4.59301280300133,3.10152289899997
"595",0.00373035543376347,10.3080264606979,0.00714701486187754
"596",1.64553694147617,6.9279069842305,3.81162272230722
"597",0.0136320217342116,0.024130170699209,9.01732283923775
"599",0.251702865352854,5.79790199268609,1.93137212563306
"600",0.126805068692192,10.2414547768421,0.0920885105223721
"601",5.19944340432994,6.37600694014691,2.85595099511556
"603",0.40630374988541,6.99291467247531,3.80730259185657
"604",6.83863266021945,0.177398170773024,7.92050484847277
"605",5.51188534800895,9.28661087458022,3.70814004261047
"606",7.30035562883131,0.799378568306565,7.45511190942489
"607",6.30091453832574,0.574494348606095,4.86266057682224
"608",0.372195384360957,8.63100021891296,4.2290744620841
"609",0.204221547973277,6.61515625170432,2.65628253878094
"610",4.53212295053527,3.45789336180314,8.09562474791892
"611",0.131169157801196,9.95284060202539,3.19263205514289
"612",5.39579380094074,2.47406971547753,10.4379409921821
"613",0.231785831972957,0.255288635722024,5.39686354971491
"614",7.07451653014868,1.2233167772647,6.87068101624027
"615",0.13418582217467,4.20652370480821,7.85538945067674
"616",4.43729453557171,7.10651597077958,1.52217220561579
"617",6.32690537907183,0.399243281131925,9.13066242123023
"618",4.78694392181933,6.12042954168282,2.09149813232943
"619",0.122382106725127,9.45919283782132,0.332003538747029
"620",1.57452522753738,3.2632977233734,0.604349510278553
"621",0.227331457193941,9.21097685373388,1.36392452707514
"622",5.8827538152691,5.12359072780237,10.31106622261
"623",6.92141550267115,1.55165008082986,2.87085420475341
"624",2.06575571838766,7.27242647646926,7.54497024137527
"625",2.9786596915219,0.0568253146896558,0.146518645342439
"628",4.80595736880787,4.66096467897296,4.91273230919614
"629",0.325391598511487,3.57872913684696,5.77806620486081
"630",9.90478117810562,3.57160259783268,8.33242197823711
"631",0.136476106243208,8.95757180661894,0.250579196959734
"632",9.84585438994691,8.0590308222454,8.01714286045171
"633",6.74092529132031,5.31004086113535,4.87026782031171
"634",0.475962482590303,6.0510489360895,5.9936289715115
"635",3.12804967421107,6.6050447425805,5.4148463991005
"636",0.250301069114357,7.34160900185816,0.26705274077072
"637",4.62027882202528,6.8835728392005,8.49161686305888
"638",0.0166039378382266,7.69345173309557,0.408216863870621
"639",5.25535239488818,0.0314256345239771,8.45815748022869
"640",5.50920079043135,6.28684688708745,5.51052629714832
"641",0.239579392364249,6.2207308516372,3.87486008368433
"642",6.29150272137485,8.90999468159862,9.47490727971308
"643",1.85689093219116,8.03034119028598,3.04155805706978
"644",4.61690084636211,7.29817711701617,4.45385071705095
"645",0.47945353272371,6.73582531418651,0.257247475907207
"646",4.09275580872782,0.900926420930773,10.1639219897334
"647",4.80359854758717,3.72301244339906,5.70440674107522
"648",6.61383994435892,5.05720297852531,8.99545239005238
"649",0.156157944817096,8.91176128690131,0.407645500462914
"650",6.15297979512252,2.07525858888403,4.96959536918439
"651",0.0981237780291215,6.0494845113717,5.14126024604775
"652",0.275524671189487,9.38382822740823,0.920205497415736
"653",0.128988702261171,9.37603696295992,1.75022095441818
"654",2.53345415438525,8.64348249509931,0.212751970256532
"655",5.43519571516663,4.3609097385779,6.82992603210732
"656",5.39855256746523,4.73096918477677,4.85253428458236
"657",6.9848226569593,1.23976356745698,8.44184203469194
"658",0.350948464591056,3.26528179110028,8.01905160816386
"659",0.632264082552865,9.74160463525914,0.0369725162163377
"660",8.78328834171407,0.0158722072374076,6.14685129094869
"661",4.83988450909965,6.89347121212631,3.14000867493451
"662",0.346096634739735,5.02535133413039,0.201388856396079
"663",1.14288059365936,7.08231805381365,1.94768805638887
"664",0.439295548963577,8.70322535862215,2.72740514925681
"665",0.303344268351793,4.50108446693048,3.89947870303877
"666",0.246429533232003,8.16753846593201,1.67425720416941
"667",5.45365171902813,0.468487888108939,7.86640600417741
"668",0.422882024551774,4.85732835461386,8.03592559020035
"669",6.9415435437113,5.57595162116922,5.42345084017143
"670",7.97775116283447,5.21374392439611,8.37971565872431
"671",0.0691935560274613,10.4270959622227,0.239829882746562
"672",0.0167834657045105,0.701320484746248,9.78174065845087
"673",5.53631799598224,3.37546961801127,10.389810603112
"674",0.424227112904191,9.5974008878693,0.287937399698421
"675",5.10991839575581,3.59502338455059,8.07752845203504
"676",0.236576825380325,8.16352735040709,1.06539459968917
"677",5.49476344138384,2.09062532451935,7.51814445736818
"678",0.421804872002613,4.67259506345727,4.86082090763375
"679",1.88460037414916,5.58649414894171,2.77657550969161
"680",3.25771944504231,2.70926092891023,7.62855782266706
"681",0.199861848726869,8.68345582089387,0.0417506510857493
"682",0.167240168066602,0.173443120904267,5.3039069827646
"683",9.44781906949356,6.67372872680426,4.39946228521876
"684",9.57725049788132,5.16991130984388,10.490371706197
"685",2.35249870782718,6.98551466455683,2.93818524247035
"686",3.20284676016308,6.07853639754467,2.46677843807265
"687",0.994822047417983,9.97816117433831,0.0489077989477664
"688",1.83861232106574,2.0644147968851,1.77848812146112
"689",5.15537421545014,6.72645154641941,5.48470126069151
"690",4.54364587366581,6.47383623570204,0.48214425864331
"691",7.1908532071393,1.74536312813871,5.91582012688741
"692",0.41027781163143,9.4965053696651,0.303223080933094
"693",5.53847756329924,8.37630148185417,0.321417663924552
"694",4.86783815198578,4.65120545099489,4.72790691885166
"695",0.241757827060625,8.07510814536363,0.0858294559154636
"696",2.48512957757339,7.33338292362168,0.0945525496190786
"697",5.20279389596544,7.4039482276421,5.83136409404688
"698",5.26334600313567,5.12355982908048,5.04575579799712
"699",7.92354358988814,0.531098555540666,2.69489967799746
"700",2.98989164712839,0.113297586096451,8.34795728838071
"701",0.713473462732509,5.14240556256846,2.24646674888209
"702",9.54591571097262,7.65970051800832,0.0211913473904133
"703",8.29133617458865,5.73757170187309,9.14019656227902
"704",0.0658900786656886,5.55321682826616,2.44807444722392
"705",8.06955526862293,1.31508610513993,8.30105851450935
"706",8.10613260418177,4.45902484073304,2.11956969159655
"707",3.87576805218123,8.86331386375241,1.90562892099842
"709",9.48500872845761,0.302292979089543,5.07376387156546
"710",8.42082500178367,6.47568081505597,9.20118460571393
"711",3.84089254657738,4.69042623974383,5.00054276408628
"712",0.354877445148304,6.28604119317606,3.45433366415091
"713",0.017402020092106,6.13723732391372,2.19510945328511
"714",5.22809139196761,5.80607270286418,6.48260486987419
"716",0.208670182153583,6.14442649926059,0.258926051668823
"717",9.92881902167574,2.16273282188922,6.94178568478674
"718",7.60202905954793,6.4395053985063,2.65661603980698
"719",0.284820281706457,0.629781492054462,6.99695783969946
"721",0.344510291935876,9.71885364712216,0.081490013981238
"722",5.14524039835669,6.00235982169397,7.01081258896738
"723",3.17523845424876,2.76091250730678,6.60341213876382
"724",0.0396735281761945,8.87307800794952,0.475125324274672
"725",3.02789060119539,6.36879559163935,5.54486047383398
"726",0.215580617060792,8.43996512703598,2.8195902290754
"727",8.66483294451609,1.21835439256392,8.72180524701253
"728",7.73987569473684,1.75503348908387,5.54255627817474
"729",3.34309618500993,6.29114056541584,5.47863149852492
"730",0.0858612237498164,9.75489647872746,0.212328087072819
"731",5.88956338912249,2.4500318209175,7.70896187867038
"732",2.56844867649488,7.69803722808138,6.3076320248656
"733",1.32699858956039,6.80223151738755,4.14079473423772
"734",5.44697549147531,0.243550208236547,10.2198572102934
"735",5.25532749644481,1.30775037361309,6.92536910437047
"736",0.350311871618032,1.42166197812185,6.76035157963634
"737",2.40563329355791,3.87984387320466,7.48264807788655
"738",4.82551571191289,8.89413355733268,4.76482115220279
"740",9.00531518622302,0.44663692638278,7.02924606949091
"741",5.90100003872067,0.359195933844682,9.9823653078638
"742",0.393288576073211,9.14939036709256,0.06871044594598
"743",7.94527657423168,1.53238132805564,7.59052230860107
"744",1.9443395237904,4.80212703533471,7.34992890292779
"745",8.46769495587796,2.61979273636825,2.16526958206668
"746",4.0457207665313,5.33336557331495,4.59055152419023
"747",3.68035975471139,5.05716420989484,5.46397562418133
"748",2.12609682208858,6.42776967328973,3.36324664019048
"749",6.2883167557884,1.52615756494924,6.71917521371506
"750",0.160148154944181,8.27584866248071,0.119324586685519
"751",1.36848516133614,2.74720236822031,6.73819093895145
"752",5.35673730378039,6.75108698848635,3.97290764492936
"753",0.29852568785608,7.59875936433673,0.374049905977929
"754",0.177988815378249,9.8743086643517,0.441608515775441
"755",10.3427063003182,0.414975958679712,9.54961729189381
"756",0.405177653767169,7.47101157461293,0.373711234657094
"757",3.00270351883955,8.89056265051477,0.370138880796731
"758",8.46651434758678,1.67710203886963,8.29922499321401
"759",6.13955648429692,3.70548090874217,6.13991678389721
"760",5.46589396079071,2.2453526481986,8.86125958967023
"761",6.05911587667651,4.49768117116764,7.02709649596363
"762",0.221290992340073,7.98184251622297,3.2811044594273
"763",2.03851367160678,6.14089771360159,4.077382032061
"764",4.76563730323687,6.97575863683596,3.87462924071588
"765",1.46003673202358,8.679134944221,1.23182215937413
"766",2.95832786825486,4.65743167465553,7.28004158008844
"767",7.05890208738856,9.97210016450845,0.187718707321978
"768",5.34049706486985,7.69764521741308,4.90882585407235
"769",5.7537335967645,4.68707701028325,9.88124255882576
"770",7.18435850436799,2.90076271211728,3.21258384175599
"771",0.838867412414402,5.6852545181755,5.89124302449636
"772",0.429329118971683,7.65518825920299,9.4978193747811
"773",0.0554443121204549,9.87398540298454,0.488915347420482
"774",2.01147539331578,5.16892794938758,5.46112020290457
"775",5.3913956664037,3.03940803930163,8.28048841236159
"776",3.93669954198413,3.26011788798496,2.81753181107342
"777",3.47750822780654,8.47124948375858,1.54467897582799
"778",6.30688762082718,2.69113512057811,5.09660963783972
"779",1.18906426359899,4.77144601405598,4.45092884381302
"780",0.435747855342925,1.68130253930576,2.21577374520712
"781",6.99600474839099,0.552482194034383,10.0328082556371
"782",5.37034154939465,7.90638984320685,1.88388033374213
"783",1.29588218522258,8.28017151844688,1.80670481966808
"785",2.25884298188612,2.61580525198951,3.2970515023917
"787",4.56770875491202,4.50042330031283,4.52669143024832
"788",0.961262701544911,1.19233099767007,1.26786072854884
"789",0.254527817089502,9.39625427918509,2.16202581231482
"790",0.769699031021446,8.22752401302569,3.12412037537433
"791",1.20791995991021,9.14021299756132,3.29631814081222
"792",0.499507967095391,10.3228390046861,0.431567521515002
"793",1.60233509680256,7.64670383068733,3.26756574679166
"794",4.77622957038693,2.66558896424249,9.74763915012591
"796",1.24991469387896,5.20294609107077,2.86602803040296
"797",2.07978404732421,4.45745320734568,8.69874793617055
"798",7.43671124894172,2.96931863226928,2.89515647990629
"799",2.2658844536636,0.481568123446777,2.54101868486032
"800",1.56403691181913,1.05480758333579,9.24702284205705
"801",2.21280593238771,8.34013796597719,0.357303884346038
"802",0.245793152865635,5.46256934036501,5.19722901750356
"803",8.71037671039812,6.17567057814449,8.36060125101358
"804",8.77511386736296,2.57266884134151,10.4682490222622
"805",0.268251433490876,6.32389178546146,1.04116505919956
"806",5.12163198599592,4.7907997071743,8.32104035443626
"807",0.237452722059216,8.04010852170177,1.70417018397711
"808",8.22602440812625,0.027270413579985,7.3063412043266
"809",4.90036532236263,5.09659809712321,4.6603633435443
"810",5.15565806208178,1.4737622498069,5.98360548517667
"811",9.7894436835777,0.496502481168136,7.04718957352452
"812",7.8042706574779,0.335074473819269,3.34783732355572
"814",0.13616501679644,10.0470883105882,0.334925855509937
"815",0.310918022645637,7.31313921161927,0.03813595790416
"816",5.7644024498295,6.83892714744434,0.359301206114723
"817",0.0498035661876202,4.19554269593209,2.97741688927636
"818",0.217786267166957,7.4349405374378,1.98780883359723
"820",7.65417360141873,2.99063004855998,8.3903230545111
"821",0.460775492463012,10.0471983586904,0.0459853539571958
"822",0.120620954316109,8.67704297276214,0.056735855960655
"823",4.63086553337052,4.68550273915753,3.16346853086725
"824",3.17615616042167,2.51019454468042,5.59431405505165
"826",0.492957282112911,4.67350628762506,3.55157119152136
"827",4.70016043074429,4.23627164913341,3.60897572548129
"828",0.295403305906802,3.01497275242582,4.84338954999112
"829",1.88682255800813,4.04714172543027,6.25990641443059
"830",5.36442321445793,5.0377749921754,5.05677735619247
"831",0.251209871610627,8.71754370396957,6.84100416000001
"832",7.85683689289726,0.368734147166833,2.03656594082713
"833",0.202580484247962,9.65669088461436,0.274578678056456
"834",1.64350829995237,5.13490992342122,2.5345535967499
"835",0.487586181610823,8.37364908051677,3.35423201741651
"836",3.88634006702341,5.83403357025236,4.82949228631333
"837",1.042380602099,4.68170125572942,3.99066301481798
"838",0.500876049278304,8.40475213923492,1.05016056983732
"839",4.58047693152912,7.36871813936159,0.317403494551333
"840",6.57378956046887,2.70383687899448,5.75025463639759
"841",5.27114564250223,6.91663380083628,5.02953827963211
"842",4.08020397461951,5.01045281556435,6.93484972650185
"843",3.6336038459558,7.30673301569186,2.6480579667259
"844",8.39117883471772,2.49284177320078,2.73944404139183
"845",0.137598867062479,8.30984232621267,3.18915014900267
"846",7.71323216939345,0.299202382035791,10.3796297251247
"847",4.81797980028205,5.26951492927037,7.74798036366701
"848",5.93447720981203,5.40214754035696,2.75768945296295
"849",1.12482184218243,6.02978009893559,0.993580245412886
"850",6.76264560152777,4.71203826344572,6.50433776318096
"851",3.71437490568496,2.21229382930323,3.05263431719504
"852",0.527227897429839,6.79686900018714,3.26017388259061
"853",7.6937322395388,2.9812584053725,6.19031990738586
"854",6.37441041762941,2.91839719633572,6.67988074710593
"855",2.92277089669369,7.21610572282225,5.0990498191677
"856",0.46707293135114,0.430279320706737,9.75544035993516
"857",8.44037122069858,1.40572300017811,8.65574129112065
"858",2.99883956694975,4.67373268399388,5.25875549693592
"859",0.030746776459543,8.47012581583112,1.89166068099439
"860",0.376419250322012,9.2902293400839,0.430247758049518
"861",0.393552224728547,9.6513784204144,0.451695029856637
"862",7.36909136059694,1.04480609181337,5.87271825526841
"863",1.27415837463923,1.38624349469319,7.15867787529714
"864",0.235585354734212,8.55967391910963,1.04057667660527
"865",7.02339982218109,0.163916843477637,7.73338185111061
"867",4.30125217069872,0.218801097711548,9.6285003174562
"868",4.88242338364944,0.380026002273441,8.76663208869286
"869",0.0659296759404242,10.4008330074139,0.0750334281474352
"870",0.311655859454083,8.81283329450525,0.195995909394696
"871",4.83870540512726,2.96837132284418,5.30077202897519
"872",0.929717514431104,8.16159535036422,0.849628897383809
"873",0.330872266379246,10.3506571562029,0.0528852050192654
"874",0.262847836362198,5.96379348402843,0.357417287539388
"875",0.319050980199436,7.4404494590126,0.351612285050235
"876",0.129519328009337,10.2769748999272,0.421582974493504
"877",4.62791923922487,5.40316733485088,4.53802857291885
"878",0.0218222418334335,9.82121503073722,0.051628929330036
"879",0.168578623561189,9.79394149733707,1.14812650973909
"880",5.9513720208779,3.12773519125767,7.52281086123548
"881",5.09762470284477,4.75255494285375,5.127940926468
"882",7.8532469754573,1.32724879379384,10.2132155958097
"883",0.0765048014000058,7.41666506929323,5.22947985492647
"884",0.473709133686498,8.22994937282056,2.37948081339709
"885",2.19363464741036,8.49243723973632,3.19513738062233
"886",2.97817109362222,2.37354221893474,2.95000869268551
"887",0.603269565152004,7.93361632223241,0.13417826872319
"888",4.2907233859878,7.25577392778359,4.3088866584003
"889",0.398183916928247,9.5991928242147,0.206080544739962
"890",0.459163802908733,7.95542228128761,5.47371364547871
"891",0.320043219951913,9.67715334449895,0.461493716396096
"892",0.211605319287628,8.78552226512693,0.334490192588419
"893",8.32449847599491,0.885063201654702,5.86345554073341
"895",0.190749213674937,8.95754065434448,5.23434390220791
"896",5.41582505358383,5.67777108843438,4.41811902984045
"897",0.000657828059047461,8.06355173210613,2.13598092854954
"898",9.13024459662847,8.97618959541433,9.95903912815265
"899",4.62844886723906,5.93113562487997,4.77329602651298
"900",0.15939901699312,8.19787551066838,2.42244147625752
"902",8.37841935292818,4.43119012378156,7.93991216924042
"903",2.61417651921511,3.68878449103795,6.97467037755996
"904",0.174659347885326,7.54773075948469,3.97730105998926
"905",5.01214545313269,5.29979843180627,4.69629392307252
"906",7.34554772707634,1.67617460223846,7.53684875322506
"908",0.0898896681610495,4.67604074254632,0.0573365048657171
"909",0.0813060567609942,9.6786432066001,4.54302957840264
"910",4.83370522176847,0.268233741626185,10.2431823334191
"911",3.70752898813225,3.47406075219624,4.08709894004278
"912",0.251358927926049,8.76193077815697,0.315269547175253
"913",4.40057671978138,4.37465982371941,6.61824259953573
"914",0.0542317741701542,6.62502816994675,0.430087353102863
"915",2.37345900665969,3.03596946946345,5.40123129705898
"916",2.33865552535281,4.68470371770673,4.50424832268618
"917",0.376321790972725,6.69212757050991,2.09404756105505
"918",9.39940292807296,4.22683387203142,7.3038642515894
"919",0.299056293442845,6.27885424904525,5.10147861624137
"920",6.7029787634965,6.16587608540431,7.60144120198674
"921",7.79653497226536,6.39017555117607,5.82481388258748
"923",4.92105284309946,2.58124878513627,10.3872561298776
"924",0.212184260640813,4.81379399541765,7.30941436206922
"925",5.69303145748563,6.52065631654114,3.4003490449395
"926",5.66515374043956,1.70670312875882,2.78736656042747
"927",6.17582053202204,2.41128546372056,5.57747033284977
"928",0.466789678437635,5.28924635401927,0.0495471117045637
"929",4.96691388450563,5.56593923293985,5.97678344254382
"930",4.54773168312386,2.46745161153376,9.00304602645338
"931",4.62713368469849,5.32981259375811,5.31381846847944
"932",0.137809646548703,6.73139482596889,2.32022078777663
"933",1.39826717996038,6.48280900088139,3.35083488118835
"934",5.41901830560528,4.64782819454558,0.779774716123939
"935",0.312836810946465,5.27439818833955,1.77634122641757
"936",1.24556729756296,4.66510115889832,1.68133691744879
"937",0.480233900465299,2.60721825109795,5.34660209412687
"938",2.45770099572837,3.37541284132749,4.95071773487143
"939",1.81349647650495,5.06070695631206,3.48840626305901
"940",2.57458835258149,2.92359922640026,5.85040442133322
"941",1.56720669404604,3.97277649724856,4.14728257502429
"942",8.89207047224045,0.742767318617553,7.91003598226234
"943",10.3763006208465,2.29773987457156,8.44330010702834
"945",7.98552553984337,1.65119856060483,6.85138500411995
"946",0.294620183842424,7.46174466819502,4.96168358577415
"947",7.96319831442088,1.31250815954991,3.28083624946885
"948",0.149863346622104,9.61449336027727,0.305436525542629
"949",6.95706690708175,5.42981494660489,6.89233886729926
"950",8.22030841186643,0.87337232963182,10.3087009103037
"952",1.37682104157284,9.55734489206225,0.107299385592341
"953",5.77566543943249,3.92685400089249,7.40890720533207
"954",5.07421186170541,5.07869015564211,4.5248488788493
"956",7.26230568741448,0.161503819748759,8.26972406357527
"957",1.0330802060198,7.58746961108409,1.77162690041587
"958",0.491054346552119,7.53727057832293,1.61740912357345
"959",2.86564880609512,0.0564976590685546,5.90542152477428
"960",4.73271035822108,5.50990204908885,2.79402685421519
"961",0.316312250791371,9.93509956728667,0.357323136784683
"962",0.217763071403012,9.80519681866281,4.05888768611476
"963",0.311624141409993,10.1345302106347,0.130702378926799
"964",1.50434067612514,9.50188144762069,0.0951369015965611
"965",0.0934417142998427,7.41455899202265,0.106394876050511
"966",6.59965596790425,0.36561309476383,9.31547471531667
"967",1.31995724048465,5.49315164564177,2.40646390919574
"968",7.12412847857922,0.0811823229305446,7.46424248884432
"969",2.8320004073903,3.0557857491076,4.24862988153473
"970",7.26516586192884,0.27852285528145,6.91462176456116
"971",0.516321499599144,7.70697627752088,5.98488700739108
"972",4.91656898427755,1.41984884999692,10.3035153707024
"973",3.72110702842474,7.30797884473577,1.91915423376486
"974",4.5522551019676,6.25430046580732,7.25317326677032
"976",4.75234130932949,2.60005209525116,7.72830411978066
"977",0.91560595552437,6.55297137610614,3.69259218475781
"978",7.71937078190967,2.32721550320275,8.72541761165485
"979",4.703323016176,7.17342150118202,2.73961489531212
"980",5.58422223245725,0.121419198112562,6.93349173618481
"981",0.387916166335344,2.84602381568402,5.17131064762361
"982",4.84896296169609,4.65815137722529,5.42209161678329
"983",2.92924099345692,0.351076108687723,1.51987006771378
"984",0.0545472248923033,8.78744369931519,2.32014051266015
"985",1.28952938574366,5.3149837302044,0.967981639783829
"986",0.888106521917507,8.76212269230746,0.246705314443209
"987",0.212693649576977,9.48638746864162,1.8277085761074
"988",4.83331458666362,7.14495048928075,5.60484987101518
"989",0.201867251056323,7.47953622369096,4.94336291518994
"990",1.95531956432387,2.39650843548588,6.94777013780549
"992",0.0561919342924445,0.253251272719353,10.4294925210997
"993",0.622823723359033,7.81459340406582,2.46869994350709
"994",9.5091749203857,7.03066084859893,5.08538086269982
"995",0.821516478667036,8.74392698751763,4.48902811249718
"996",7.95460035908036,1.65355241508223,9.5057583337184
"997",7.30419723992236,4.02245535608381,9.30387936811894
"998",0.376846985192969,10.1755105610937,0.0938018241431564
"999",3.44040030660108,6.94852079590783,1.71217673411593
"1001",0.191895025782287,6.71814707503654,0.488587547792122
"1002",6.92173213418573,2.20695101236925,10.3501815330237
"1004",5.07137095602229,5.38419200619683,4.61481180111878
"1005",4.86544337426312,3.09722678968683,5.95120141538791
"1006",5.27380489720963,7.35140896728262,6.74917776021175
"1008",5.4714428819716,2.07278642756864,6.22430068207905
"1009",7.35701611218974,2.81973743485287,5.07131055905484
"1010",4.5937737475615,3.50076317065395,6.2644725649152
"1011",7.78567878785543,3.16933391802013,6.52399190654978
"1012",8.06322134868242,2.53486448852345,9.45072128623724
"1013",4.73004791466519,0.449899478349835,4.75549216452055
"1014",5.29686418827623,0.0204164367169142,9.83096431335434
"1015",3.3002736850176,3.91188935376704,7.35024156840518
"1016",7.40749196731485,2.665510766441,6.90620726696216
"1017",0.749109373893589,7.25098557746969,1.68687970703468
"1018",4.68560732039623,0.171971708764141,8.62914410908706
"1019",1.71802670392208,6.74180978140794,6.5418738340959
"1020",5.28871612763032,4.64365247264504,4.44650885625742
"1021",3.09482799540274,8.52624700125307,0.0424634323869715
"1022",7.50759135116823,1.63815039908513,9.07944280095398
"1023",4.8319452709984,2.53854680224322,9.89253894751891
"1024",5.46938274125569,4.81214006152004,9.56483728019521
"1025",0.675910358782858,1.0629768576473,8.45701484195888
"1027",0.451556233542757,0.30863059040529,6.17712399130687
"1028",0.012080440718974,9.44729108037427,0.463686020325285
"1029",1.15794040332548,9.1441941796802,2.59499348094687
"1030",5.1917239157483,1.16250502690673,7.8004100380931
"1031",5.35087798442692,4.4334147835616,9.71928071719594
"1032",4.94785221852362,3.45294770877808,7.84736669738777
"1033",2.18383226101287,4.07883975352161,3.78561515081674
"1034",5.14363458333537,4.95214039133862,7.62224694225006
"1035",7.57428083498962,3.8970014473889,7.67087056441233
"1036",8.02431306126527,1.75548277655616,8.48947578412481
"1037",4.63034550985321,3.91919239750132,5.1095139530953
"1038",7.05092792422511,0.416958389422554,7.55570024275221
"1039",1.23315412551165,3.76335717830807,4.65731560136192
"1040",9.48303627083078,0.884916646871716,6.76430537505075
"1041",5.17728702770546,4.86993582057767,5.18199194455519
"1042",1.48448916967027,0.594597652787343,9.06984429596923
"1043",7.64023037627339,1.01428119163029,2.94478526804596
"1044",6.97203413955867,1.46653153165244,7.77697923057713
"1045",4.85051913023926,7.768629926024,0.898281710688025
"1046",5.40796739212237,6.92498063249514,3.77060775831342
"1047",6.19844215386547,0.211509069427848,5.97801383817568
"1048",6.51502684364095,0.229170669335872,6.33052444877103
"1049",7.17615169822238,6.91958362539299,1.17785898735747
"1050",0.593136768322438,6.69975960580632,7.18994695390575
"1051",5.39701032615267,6.71396768954583,8.67328587686643
"1052",6.07508654869162,3.7302419943735,6.10271327802911
"1053",3.54553778725676,4.69637540052645,6.26688731415197
"1055",0.297162139436237,7.85412567737512,2.42396013531834
"1056",2.54106339486316,4.67159006441943,3.5892474250868
"1057",0.556630417238921,5.76601803139783,6.24745378480293
"1058",8.27548068878241,4.27105193119496,7.70959200221114
"1059",7.47604259848595,2.43706940975972,8.3261963406112
"1060",0.899624794255942,4.03703344496898,8.07667641527951
"1061",7.4054133980535,0.197530996498934,7.08808493241668
"1062",0.274359106620031,2.15622697374783,7.26984676392749
"1063",7.99037512927316,2.2255050484091,3.22566280630417
"1064",5.18951818416826,5.16557683143765,5.06117322831415
"1065",4.74632202857174,5.49279621033929,4.20282152877189
"1066",4.58679431094788,5.03928897692822,5.23677395377308
"1067",1.69213319197297,5.87894156482071,6.86370204156265
"1068",4.60628278390504,4.99065328179859,4.55684752133675
"1069",0.297219150932506,4.68373725237325,2.43244828376919
"1071",6.93036199896596,0.696324601769447,8.4061412953306
"1072",1.63155097304843,8.20987927145325,0.260975252133829
"1073",10.1247113868594,6.39261744916439,7.94961547316052
"1074",0.161297034705058,8.51212806208059,1.69093741825782
"1075",0.100831761490554,6.24967673630454,2.51445418875664
"1076",3.4834654268343,0.452477670442003,7.56354214344174
"1077",0.232059770263731,10.019614712568,0.303346712311413
"1078",1.18126208730973,6.17523214803077,0.403325542676901
"1079",6.05254894820973,6.83329348778352,1.26090320129879
"1080",5.46513711987063,2.21759565826505,8.75394919374958
"1081",5.02707730839029,2.60164837469347,10.1362241478637
"1082",1.80791315296665,8.36172037548386,0.24205962006307
"1083",0.477437311936847,9.66229801438749,1.55551023269072
"1084",5.01657589012757,4.00391029659659,4.61009812960401
"1085",1.66417418350466,2.73986310139298,0.993557784939185
"1086",0.904950778931379,0.351651160238117,0.543225510511547
"1087",4.93502818979323,6.13872456783429,3.13006849074736
"1088",8.47834922838956,2.69606739026494,7.20877951569855
"1089",6.31752806925215,4.89339986559935,5.82871511997655
"1090",0.00705590062369592,5.90501515497454,0.205031283578502
"1091",2.33152687572874,3.60279608005658,7.32343169138767
"1092",0.447696060407907,6.64691173494793,1.42373830312863
"1093",3.14001114433631,5.15873141307384,3.57214271742851
"1094",9.13199720787816,4.74968501576222,4.91380309010856
"1096",7.45997475017793,2.50130516872741,4.53542638616636
"1097",1.98527742410079,5.55332622793503,1.73665566649288
"1098",3.37739511625841,4.86502265604213,4.5938091899734
"1099",3.88036880665459,6.03903132770211,3.0473542609252
"1100",5.56655062921345,7.87982554757036,2.2393757335376
"1101",0.443976417762535,9.01027260324918,5.86935402778909
"1102",1.99433940136805,7.63419171911664,0.204325634520501
"1103",8.11712211417034,1.7225842194166,8.31724748201668
"1105",2.55398590979166,5.23686252394691,2.73947876063175
"1106",6.58912058011629,4.31665814947337,3.0642822405789
"1107",8.30254668556154,2.17022750177421,6.21580937155522
"1108",3.21199527173303,2.00993611454032,2.62763031781651
"1109",0.965770831797272,10.1750071116257,1.27107513463125
"1110",0.165670579591049,9.68737432477064,4.88523239968345
"1111",5.31329510733485,5.47568588354625,4.59189315489493
"1112",9.34417771291919,0.424311554990709,10.4945960419718
"1113",0.0799312666876055,7.46011352259666,0.69324937928468
"1114",7.41041472973302,3.74589399131946,6.42991040297784
"1115",5.46570767182857,5.4400510804262,5.13657769700512
"1116",1.8626375538297,4.0956622143276,3.68555640918203
"1117",8.98760984255932,0.793925387784839,7.63150524231605
"1118",6.61596002965234,0.783815396483988,4.12485592858866
"1120",5.67238351050764,0.87184152728878,6.51887017395347
"1121",0.380344846403459,4.9554882873781,9.95260267355479
"1122",7.13049454265274,5.67757040704601,6.29582950053737
"1123",3.0827721375972,2.14804609608836,5.00710533326492
"1124",7.98925633216277,0.247648298973218,7.37907422333956
"1125",8.13329047826119,4.56946051493287,4.86401169048622
"1126",0.324721384588524,9.31896540150046,0.243170088622719
"1127",5.00945958029479,5.04302043956704,5.11215414339676
"1128",0.40170792138533,10.2085274884012,0.187220675172284
"1129",6.96377404592931,4.43758366839029,8.27061696304008
"1130",0.389095625794432,10.4745884696022,0.0176349428948015
"1131",0.120101621141657,7.54601105628535,4.2780706260819
"1132",1.858970123576,6.04182360111736,3.23364170943387
"1133",3.46734929946251,2.37760406453162,5.60454929899424
"1135",7.21387452678755,7.2485942277126,5.91197088966146
"1136",0.0751129726413637,8.39722539205104,0.145784433465451
"1137",0.450195926642718,9.7624596839305,3.09187907865271
"1138",4.98997559281997,5.84140197117813,8.11544099473394
"1139",9.82351486897096,2.90718376729637,7.72150050266646
"1141",7.88949198508635,0.344813790405169,9.67143553169444
"1142",0.201885712100193,5.24235385819338,0.0620721466839314
"1144",5.57283348892815,1.43343575741164,7.65172703773715
"1145",2.04586241464131,5.37297847867012,6.15180297661573
"1146",2.93674169830047,1.617066021543,1.76681061531417
"1147",3.63848192314617,3.88234258675948,7.84371465421282
"1148",3.4094669171609,6.81229061470367,6.13762535317801
"1149",0.0381952354266797,8.98494857619517,2.51619786047377
"1150",0.194066859781742,7.98697028611787,1.96548100654036
"1151",0.136219756212085,0.350774156628177,4.52026419038884
"1152",0.0306731022428721,9.89398096431978,0.445525072515011
"1153",5.25392544572242,4.59476074017584,4.5856010846328
"1154",3.87361493823119,4.27326966286637,4.07384041137993
"1155",5.01475126971491,7.09199664206244,7.78249575011432
"1157",6.42178401839919,1.38896327535622,5.18180380971171
"1158",8.08525527990423,0.348623482510448,5.05087270843796
"1159",5.08480165991932,4.52381431567483,5.29846586682834
"1160",0.0824321222025901,10.0553785134107,0.455024695955217
"1161",1.52929222700186,8.54241865198128,2.53342844429426
"1162",2.25123158050701,1.1129455617629,7.65527408523485
"1163",0.110577825456858,0.154225133592263,10.4480183888227
"1164",0.229179221390053,10.2864816263318,0.602166462223977
"1165",4.9376684599556,4.61992088262923,4.90688940719701
"1166",6.67552073020488,9.49718974390998,0.242590352022701
"1167",5.86459173331968,4.16953940945677,5.58226519776508
"1168",4.88294544070959,4.89589486480691,5.0292968407739
"1169",6.62897084467113,2.48471485637128,7.06314624496736
"1170",9.85830305633135,3.13387572485954,10.3482322141062
"1171",4.67053518001921,5.15329483780079,4.52292791893706
"1172",7.46236922685057,6.5514136638958,3.59142835368402
"1173",10.2920190622099,0.076220973061698,9.8758525182493
"1174",0.251868950953034,9.95504957134835,0.279026987962425
"1175",5.5521808383055,1.38223796943203,9.34394643479027
"1176",0.0212277451171726,10.1530167236924,5.20717348344624
"1177",1.91184386890382,7.96625372488052,4.31143494532444
"1178",0.437599724857137,9.9905442155432,3.37870304449461
"1179",0.0903063484001905,3.40296462643892,10.1609579171054
"1181",0.232906931331095,8.03361685294658,0.568584735738114
"1182",7.45503371697851,2.58080775733106,6.54585328348912
"1183",3.37698692223057,0.816452690865844,8.27434064215049
"1186",0.877447423990816,5.51958002662286,3.84290966996923
"1187",1.97188888560049,7.5332992116455,3.22584685310721
"1188",0.211529776430484,0.483335442608222,9.84180199122056
"1189",4.65597600443289,5.24053155491129,4.82631959929131
"1190",7.19933628034778,0.458252806216478,2.17936720652506
"1191",0.178127758127644,5.27842070558108,0.251916575159444
"1192",9.14110810193233,0.0465570911765099,8.32875579828396
"1193",0.0717378268428892,2.8183829295449,5.44706704211421
"1194",0.362189230530458,2.92138953716494,4.5017989333719
"1195",4.06010968540795,5.02515914314426,8.33559817587957
"1196",5.12814213847741,8.3330605160445,7.52521097892895
"1197",5.56445334525779,0.354799405205995,6.74923776253127
"1198",0.201062231091782,9.93381696077995,0.32017208612524
"1199",4.86556422128342,6.31544670579024,3.99192086630501
"1200",10.1000941593666,4.82668157666922,4.66027446580119
"1201",0.249306365463401,4.73877023975365,5.43633809499443
"1202",1.37508189771324,6.23077813605778,0.406658134461744
"1204",0.358972185058519,2.56831646570936,7.27233932726085
"1205",0.155823886998531,6.83773587015457,7.04467896115966
"1207",4.80205827811733,4.71173606277443,4.85466140229255
"1208",5.23676011478528,2.98599654179998,0.00109776109457016
"1209",4.63193395757116,7.90557356528006,2.76319007831626
"1213",4.85078473645262,6.65207114629447,8.1923484057188
"1214",4.89077369100414,6.82044345280156,3.43831733753905
"1215",1.11398523394018,3.20113434456289,7.05750015936792
"1217",0.295600682031363,7.23758445493877,0.189872425000335
"1218",2.74313063942827,1.99073699163273,3.43092471919954
"1219",5.42794941482134,2.4257928179577,8.98485506419092
"1220",2.73380598751828,6.65047329454683,1.56288905884139
"1221",6.82049761177041,7.51987992785871,9.07475416106172
"1222",4.5276830077637,2.29197872872464,9.68906185217202
"1223",3.64801415242255,0.384118412155658,5.95460586203262
